{
	"partitions" : [
		{
			"name" : "Top",
			"pins" : [
				{
					"name" : "DISP0_D[0]",
					"strict" : false
				},
				{
					"name" : "DISP0_D[1]",
					"strict" : false
				},
				{
					"name" : "DISP0_D[2]",
					"strict" : false
				},
				{
					"name" : "DISP0_D[3]",
					"strict" : false
				},
				{
					"name" : "DISP0_D[4]",
					"strict" : false
				},
				{
					"name" : "DISP0_D[5]",
					"strict" : false
				},
				{
					"name" : "DISP0_D[6]",
					"strict" : false
				},
				{
					"name" : "KEY[0]",
					"strict" : false
				},
				{
					"name" : "KEY[1]",
					"strict" : false
				}
			]
		}
	]
}